sim_id,theta_speedFactor,theta_speedDev,theta_sigma,theta_tau,meanSpeed_17:00,stdSpeed_17:00,nVehicles_17:00,meanSpeed_17:05,stdSpeed_17:05,nVehicles_17:05,meanSpeed_17:10,stdSpeed_17:10,nVehicles_17:10,meanSpeed_17:15,stdSpeed_17:15,nVehicles_17:15,meanSpeed_17:20,stdSpeed_17:20,nVehicles_17:20,meanSpeed_17:25,stdSpeed_17:25,nVehicles_17:25,meanSpeed_17:30,stdSpeed_17:30,nVehicles_17:30,meanSpeed_17:35,stdSpeed_17:35,nVehicles_17:35,meanSpeed_17:40,stdSpeed_17:40,nVehicles_17:40,meanSpeed_17:45,stdSpeed_17:45,nVehicles_17:45,meanSpeed_17:50,stdSpeed_17:50,nVehicles_17:50,meanSpeed_17:55,stdSpeed_17:55,nVehicles_17:55,meanSpeed_18:00,stdSpeed_18:00,nVehicles_18:00,meanSpeed_18:05,stdSpeed_18:05,nVehicles_18:05,meanSpeed_18:10,stdSpeed_18:10,nVehicles_18:10,meanSpeed_18:15,stdSpeed_18:15,nVehicles_18:15,meanSpeed_18:20,stdSpeed_18:20,nVehicles_18:20,meanSpeed_18:25,stdSpeed_18:25,nVehicles_18:25,meanSpeed_18:30,stdSpeed_18:30,nVehicles_18:30,meanSpeed_18:35,stdSpeed_18:35,nVehicles_18:35,meanSpeed_18:40,stdSpeed_18:40,nVehicles_18:40,meanSpeed_18:45,stdSpeed_18:45,nVehicles_18:45,meanSpeed_18:50,stdSpeed_18:50,nVehicles_18:50,meanSpeed_18:55,stdSpeed_18:55,nVehicles_18:55,global_meanSpeed,global_stdSpeed,global_medianSpeed,global_p10_speed,global_p25_speed,global_p75_speed,global_p90_speed,frac_below_5ms,frac_below_3ms,total_vehicles,total_waitingTime,total_timeLoss,n_edges,n_time_bins
0,0.9,0.1,0.35,1.5,10.136009445100354,2.99037007508619,2871,10.08665367965368,2.9410117220617025,5149,9.980475984422327,2.9307358144386524,5228,10.11220600858369,2.884769250502667,5364,10.054424540976264,2.92397216306264,4949,10.211354212615792,2.870525347984044,5251,10.042728074041428,2.892862088664222,4658,10.054929824561402,2.9619275080369776,4977,10.134618916437098,2.869631012317396,4937,10.12980900409277,2.874744006467608,4898,10.171058295964125,2.9398101572414155,5104,10.13146718146718,2.9010200057777062,5503,10.041949334478318,2.931285148971295,5260,10.189995684074235,2.9294613246860086,4800,10.114335429769392,2.910009324149032,5352,10.093466550825369,2.909030846867134,5118,10.111203491042719,2.9464311387431836,4566,10.12289391921882,2.859192641795613,4473,10.089467028003615,2.8914262504694412,4854,10.12784979883773,2.9232972015197873,5189,10.097075208913648,2.928746022163604,5027,9.903040807371653,2.956463435178783,5364,10.138194070080864,2.975732223376496,5168,10.185937777777777,2.948227604457866,5263,10.101929866989117,2.920048459182421,10.43,6.15,8.02,12.71,13.66,0.046544507487675565,0.018733141103153196,119323,81394.0,161962.22999999998,6451,24
1,0.7,0.0,0.0,0.5,9.462664277180407,2.892107932784277,2805,9.33760879120879,2.8055931064397863,5147,9.29915775972638,2.8614686061078998,5326,9.394969696969696,2.8607867752646547,5261,9.37909982174688,2.8336401871964694,5083,9.459396475770927,2.8114009589122113,5224,9.291333333333334,2.8308374549259776,4668,9.318352173913043,2.907816246965293,4948,9.380046189376444,2.8259802247658405,4780,9.431542959964013,2.8199710826765596,4974,9.389323076923077,2.8578156622699784,5165,9.311024305555556,2.8379055549152286,5503,9.267253551442101,2.828616401767033,5291,9.316392377652665,2.762180637727339,4747,9.363069139966274,2.7923623053750677,5339,9.393970266724967,2.8286750149713016,5181,9.31352914180817,2.931864815297396,4481,9.464741949713277,2.895301419662126,4479,9.31119642857143,2.857736605320973,4959,9.399851685393257,2.9009299745429082,5096,9.40979962721342,2.8421096119043536,5025,9.260886075949369,2.8433619240470334,5394,9.367742946708463,2.882806296574819,5184,9.380075723830736,2.893498558306072,5186,9.361085428443916,2.8496992830119994,9.57,5.83,7.62,11.23,14.0,0.0538158286224338,0.02064117822076763,119246,67966.0,112061.94,6450,24
2,1.2,0.25,1.0,3.0,9.682115384615384,3.0508580019912404,2744,9.736526130873957,3.0029920654588476,5102,9.608378611470462,3.0553840584165277,5141,9.628074105988798,3.053507359497589,5366,9.624620447564721,3.0359687071252974,5118,9.766118391323996,3.0112744561652445,4960,9.60198343504795,3.065678616485623,4774,9.545550259965339,3.092938109147628,4938,9.73657394529439,3.0632335842045677,4983,9.67931506849315,2.983290634801794,4872,9.619045920641996,2.9988395434924184,5233,9.69258412424504,3.036493262645908,5488,9.55857204861111,3.1090138029228913,5171,9.675662701784198,3.020360249618873,4905,9.67138630600169,3.015144904670274,5398,9.707212408444637,3.066153876874667,5026,9.655599630996308,3.0690219180084544,4571,9.743369803063457,3.0130511393523003,4512,9.630553804592525,3.04510551147989,4914,9.71504757589488,3.0125957225139586,5128,9.714333488156061,3.0374245342680326,4939,9.594698162729658,3.0442990262017897,5377,9.642575689109806,3.028112518436073,5172,9.656273814798405,3.072796965173036,5246,9.661169626568375,3.041043232755551,10.04,5.45,7.32,12.65,13.12,0.07396031125507278,0.02079377489854425,119078,89609.13,242484.32,6450,24
3,0.7,0.1,0.35,1.5,8.869665220086794,2.936817479889649,2668,8.877060379021597,2.8349024049909843,5111,8.845420042643925,2.8575198687016585,5216,8.897168910117239,2.9400542218926793,5357,9.102348249889234,2.897641018594244,5041,8.934396396396396,2.9320442684645416,5141,8.82879116117851,2.868980880132822,4681,8.826176215277778,2.92811490343809,4978,8.871756141947225,2.899622518813826,4891,9.003791233619522,2.847674576468916,4935,9.003371783496007,2.8934675016431397,5148,8.761648542844714,2.8959256252818184,5455,8.793488869863014,2.8903743276696283,5192,8.70917773019272,2.8749084126272346,4739,8.863932914046122,2.806569422805677,5486,8.971161096829476,2.8878096025629487,5196,8.9046542311192,2.9541664402921524,4527,8.966725043782837,2.9493095254456727,4530,8.799533423059668,2.8318338415391127,4852,8.982512404149753,2.946645426857384,5071,8.904576350093109,2.886500009982434,4972,8.690619546247818,2.898262300933579,5441,8.868192064923354,2.9106544245499437,5131,8.939015817223199,2.9330900778163755,5308,8.883303798644006,2.8963751443784282,8.62,5.38,6.92,10.96,13.41,0.07563852512306121,0.02392495588371877,119067,83981.81,163494.96,6450,24
4,1.2,0.1,0.35,1.5,10.952245835726595,2.958221207405534,3003,10.844930555555557,2.987061358172176,5153,10.861788369042415,3.0032562661488154,5162,10.889914163090129,2.9085517432136028,5455,10.946031319910514,2.9678272844665634,4974,10.910372670807453,2.975855830825363,5139,10.823560804899389,2.98902951215419,4716,10.767562145660708,2.985158874253598,4977,10.900429164743887,2.9392281149584387,4877,10.941700984780663,2.9015637132764023,4956,10.888117699910152,2.951170083178597,5135,10.852169038378612,2.944173828029446,5459,10.81765820060267,2.991204783258436,5214,10.89254374733248,2.934273808565229,4883,10.926860415782775,2.928016066297757,5347,10.884482907832108,2.943167754585888,5116,10.880263522884883,2.9625592692105838,4526,10.925535557506585,2.903589580760365,4501,10.811429872495447,2.966407544089508,4828,10.867666370896185,2.9639297103022666,5205,10.86573080481036,2.9548005391965284,5009,10.762788757136583,3.0532094663529303,5360,10.847414330218069,2.9690779693523965,5205,10.900452508960575,2.96486033263057,5345,10.872516769170739,2.96023358025535,11.74,6.62,8.73,13.59,13.71,0.0377933443579405,0.015180512458425463,119545,80956.0,164165.5,6451,24
5,0.9,0.1,0.0,1.5,10.613002322880371,2.9363916495945603,2969,10.453295602960383,2.9455511655909037,5099,10.466617455492836,2.9713587292087067,5250,10.485951261222745,2.8979450374156266,5410,10.591133004926109,2.908263334763008,4971,10.623727678571429,2.8950844183097257,5127,10.477335080821321,2.9462324335402488,4717,10.515,3.0027966250215283,4985,10.56787976135842,2.8918015746824417,4907,10.594391127206881,2.8853234319734677,4929,10.543163126976953,2.9789341499993203,5096,10.402790999567287,2.9081259565644046,5508,10.47798118049615,2.9364286488426874,5252,10.502278808804489,2.8908102240111906,4815,10.502817376634331,2.8700526156928907,5381,10.447986111111112,2.9298723817759553,5060,10.52681186283596,2.9779048078795243,4535,10.599120879120878,2.929630496642774,4505,10.535199095022625,2.9234047324474037,4840,10.565583259127338,2.92139704703552,5211,10.509682687820812,2.915212521399467,5055,10.388161120840632,2.9819451797547236,5393,10.53767857142857,2.9814042337894153,5118,10.518479036574487,2.943514847588128,5314,10.51689626942041,2.932126986617421,10.92,6.53,8.45,13.15,14.0,0.038273327751418736,0.016950413991999255,119447,84806.0,142516.9,6451,24
6,0.9,0.1,1.0,1.5,9.340067443286328,2.975692041237293,2683,9.22411661551951,2.9335087700463274,5094,9.124648370497427,2.9782851036436946,5259,9.205972222222222,2.974656084305672,5238,9.266622691292877,2.953441032038197,5110,9.280615177368658,2.9453255835297836,5101,9.126300350262698,2.9389794175235595,4746,9.060440278988667,3.0046087622051316,4931,9.186080074487895,2.9665247541547886,4910,9.23639729119639,2.8872958071283192,4888,9.254700892857143,2.948488927956853,5146,9.20345922746781,2.942939846725637,5523,9.112083868207105,2.9647654443856744,5298,9.187598967297763,2.945221656842986,4710,9.16989478114478,2.968204878280919,5461,9.29114186851211,2.967408876708686,5142,9.147036363636365,2.969514751831001,4533,9.322775077330975,2.9842217240335533,4468,9.21523937360179,2.9423069763879686,4936,9.212568555758684,2.9552580503068344,5008,9.24026728110599,2.9290654577799846,5012,9.076093546990037,2.9544000147324434,5457,9.213191974464204,2.9621536614345585,5116,9.233727836879433,3.0017064879603645,5286,9.203340282560543,2.9583069870190846,9.33,5.29,6.98,11.83,13.02,0.08147348435493178,0.02404928987584461,119056,85166.93,226846.57,6449,24
7,0.9,0.1,0.35,0.5,10.19376028202115,2.96057718110246,2875,10.124896013864818,2.9055349683930056,5194,10.078519637462236,2.9558487892517045,5293,10.152639007698887,2.8833705714862314,5315,10.194771212794313,2.9396936920687344,5085,10.236247220987105,2.875621140277925,5188,10.071362053959964,2.9108306630221907,4683,10.101200873362446,3.001256690159376,4911,10.13635987114588,2.8973374856568315,4804,10.194696007259529,2.8221201419273454,4981,10.173560209424084,2.9273484864919475,5212,10.080343328987396,2.925338867681761,5491,10.009854077253218,2.904638844030209,5248,10.138306626245127,2.8755977058526367,4777,10.178962900505903,2.8995147610107033,5355,10.175626364033173,2.9659229788095307,5102,10.033447478019434,2.9184741713817806,4524,10.251161262050834,2.959727808279625,4543,10.119834862385321,2.9535394204412198,4861,10.187757009345795,2.9189914803557797,5178,10.084230055658626,2.870601206413209,4991,10.022671353251317,2.9395108031497257,5382,10.13133155792277,2.938275720887437,5219,10.146627645204862,2.928683546543388,5174,10.133508670842547,2.919961270457256,10.49,6.17,8.03,12.77,13.66,0.04564970911321351,0.018456906005464582,119386,64694.0,137647.71000000002,6450,24
8,0.9,0.1,0.35,3.0,10.124991160872128,2.944135442745192,2870,10.034347826086956,2.9202539798006604,5128,10.098672719412018,2.9444095484112505,5212,10.137786391042207,2.944632855707424,5407,10.256401062416998,2.925445333426199,5006,10.21997742663657,2.893316684326929,5035,10.037833840800348,2.9498700988147397,4816,10.061519264448338,2.943807031230689,4953,10.144657846715328,2.911485067097391,4871,10.282980463425716,2.898617228968443,4950,10.194874664279318,2.941901391158529,5166,10.06852012115967,2.907312853041579,5374,9.980077153879126,2.959969749894126,5358,10.091938250428816,2.8985904086993246,4803,10.154758098443416,2.888840123367543,5337,10.164133448873484,2.9388231301105403,5128,10.06078377132319,2.9796326350796525,4559,10.16455108359133,2.9023456389060427,4463,10.050542495479204,2.9110163774218125,4857,10.078131472309769,2.968210592199311,5193,10.036572093023256,2.8811109643971804,4962,10.07557817236899,2.978013638483962,5456,10.145793972109763,2.9452858925809826,5139,10.094647824136382,2.95066809588819,5234,10.11458186824431,2.9306416961493422,10.45,6.14,8.02,12.75,13.66,0.046789827166006215,0.01953452028799464,119277,81660.02,169394.90000000002,6450,24
9,0.95,0.15,0.5,1.0,10.213176193282262,2.9710044697290323,2858,10.038884531590414,2.9106925764848848,5103,10.042662365591397,3.0065938450404057,5269,10.105463561880121,2.990918687854269,5300,10.059271111111112,2.9854983283935153,5021,10.129232815964523,2.917451298989408,5200,9.960745368375699,2.9988549259009356,4731,9.969890924956369,2.9590376673021552,4980,9.990037157454713,2.9251643582510454,4806,10.088958051420839,2.8944088150402116,4972,9.987273538598842,2.9087740914129743,5080,9.994887152777778,2.947783772021157,5517,9.817442060085838,2.9615635742069775,5229,9.983185153215365,2.9272611304880503,4858,10.059406850459483,2.9546361649814834,5381,10.084578993055556,2.949394544138956,5083,9.966057824690225,2.9839202399681057,4525,10.201139184397162,3.003628505753461,4505,10.038939325842696,2.9514773231134543,4830,9.931725383920506,2.9475419009038726,5214,10.055124653739613,2.9711649736848162,5114,9.902260183968464,3.0323877444536755,5245,10.041546112115734,2.9926959563953286,5133,9.954962571554383,2.983195620627869,5346,10.023575436640655,2.962314986261572,10.35,5.99,7.87,12.8,13.53,0.05130063173541435,0.019992567818654775,119300,84119.69,174851.94999999998,6450,24
